"Program","Year","Period","Week Ending","Geo Level","State","State ANSI","Ag District","Ag District Code","County","County ANSI","Zip Code","Region","watershed_code","Watershed","Commodity","Data Item","Domain","Domain Category","Value","CV (%)"
"CENSUS","2017","YEAR","","STATE","ALABAMA","01","","","","","","","00000000","","PEAFOWL","PEAFOWL, HENS & COCKS - OPERATIONS WITH SALES","TOTAL","NOT SPECIFIED","28","49.7"
"CENSUS","2017","YEAR","","STATE","ALABAMA","01","","","","","","","00000000","","PEAFOWL","PEAFOWL, HENS & COCKS - SALES, MEASURED IN HEAD","TOTAL","NOT SPECIFIED","589","(H)"
"CENSUS","2017","YEAR","","STATE","ALASKA","02","","","","","","","00000000","","PEAFOWL","PEAFOWL, HENS & COCKS - OPERATIONS WITH SALES","TOTAL","NOT SPECIFIED","4","(L)"
"CENSUS","2017","YEAR","","STATE","ALASKA","02","","","","","","","00000000","","PEAFOWL","PEAFOWL, HENS & COCKS - SALES, MEASURED IN HEAD","TOTAL","NOT SPECIFIED","17","(L)"
"CENSUS","2017","YEAR","","STATE","ARIZONA","04","","","","","","","00000000","","PEAFOWL","PEAFOWL, HENS & COCKS - OPERATIONS WITH SALES","TOTAL","NOT SPECIFIED","11","(H)"
"CENSUS","2017","YEAR","","STATE","ARIZONA","04","","","","","","","00000000","","PEAFOWL","PEAFOWL, HENS & COCKS - SALES, MEASURED IN HEAD","TOTAL","NOT SPECIFIED","83","(H)"
"CENSUS","2017","YEAR","","STATE","ARKANSAS","05","","","","","","","00000000","","PEAFOWL","PEAFOWL, HENS & COCKS - OPERATIONS WITH SALES","TOTAL","NOT SPECIFIED","15","72.7"
"CENSUS","2017","YEAR","","STATE","ARKANSAS","05","","","","","","","00000000","","PEAFOWL","PEAFOWL, HENS & COCKS - SALES, MEASURED IN HEAD","TOTAL","NOT SPECIFIED","107","91.3"
"CENSUS","2017","YEAR","","STATE","CALIFORNIA","06","","","","","","","00000000","","PEAFOWL","PEAFOWL, HENS & COCKS - OPERATIONS WITH SALES","TOTAL","NOT SPECIFIED","24","70.2"
"CENSUS","2017","YEAR","","STATE","CALIFORNIA","06","","","","","","","00000000","","PEAFOWL","PEAFOWL, HENS & COCKS - SALES, MEASURED IN HEAD","TOTAL","NOT SPECIFIED","162","23.3"
"CENSUS","2017","YEAR","","STATE","COLORADO","08","","","","","","","00000000","","PEAFOWL","PEAFOWL, HENS & COCKS - OPERATIONS WITH SALES","TOTAL","NOT SPECIFIED","29","64.3"
"CENSUS","2017","YEAR","","STATE","COLORADO","08","","","","","","","00000000","","PEAFOWL","PEAFOWL, HENS & COCKS - SALES, MEASURED IN HEAD","TOTAL","NOT SPECIFIED","114","79.6"
"CENSUS","2017","YEAR","","STATE","CONNECTICUT","09","","","","","","","00000000","","PEAFOWL","PEAFOWL, HENS & COCKS - OPERATIONS WITH SALES","TOTAL","NOT SPECIFIED","23","66.4"
"CENSUS","2017","YEAR","","STATE","CONNECTICUT","09","","","","","","","00000000","","PEAFOWL","PEAFOWL, HENS & COCKS - SALES, MEASURED IN HEAD","TOTAL","NOT SPECIFIED","82","69.5"
"CENSUS","2017","YEAR","","STATE","DELAWARE","10","","","","","","","00000000","","PEAFOWL","PEAFOWL, HENS & COCKS - OPERATIONS WITH SALES","TOTAL","NOT SPECIFIED","5","(H)"
"CENSUS","2017","YEAR","","STATE","DELAWARE","10","","","","","","","00000000","","PEAFOWL","PEAFOWL, HENS & COCKS - SALES, MEASURED IN HEAD","TOTAL","NOT SPECIFIED","81","(H)"
"CENSUS","2017","YEAR","","STATE","FLORIDA","12","","","","","","","00000000","","PEAFOWL","PEAFOWL, HENS & COCKS - OPERATIONS WITH SALES","TOTAL","NOT SPECIFIED","56","(H)"
"CENSUS","2017","YEAR","","STATE","FLORIDA","12","","","","","","","00000000","","PEAFOWL","PEAFOWL, HENS & COCKS - SALES, MEASURED IN HEAD","TOTAL","NOT SPECIFIED","1,405","80.9"
"CENSUS","2017","YEAR","","STATE","GEORGIA","13","","","","","","","00000000","","PEAFOWL","PEAFOWL, HENS & COCKS - OPERATIONS WITH SALES","TOTAL","NOT SPECIFIED","30","32.5"
"CENSUS","2017","YEAR","","STATE","GEORGIA","13","","","","","","","00000000","","PEAFOWL","PEAFOWL, HENS & COCKS - SALES, MEASURED IN HEAD","TOTAL","NOT SPECIFIED","230","27.3"
"CENSUS","2017","YEAR","","STATE","HAWAII","15","","","","","","","00000000","","PEAFOWL","PEAFOWL, HENS & COCKS - OPERATIONS WITH SALES","TOTAL","NOT SPECIFIED","1","7.3"
"CENSUS","2017","YEAR","","STATE","HAWAII","15","","","","","","","00000000","","PEAFOWL","PEAFOWL, HENS & COCKS - SALES, MEASURED IN HEAD","TOTAL","NOT SPECIFIED"," (D)","(D)"
"CENSUS","2017","YEAR","","STATE","IDAHO","16","","","","","","","00000000","","PEAFOWL","PEAFOWL, HENS & COCKS - OPERATIONS WITH SALES","TOTAL","NOT SPECIFIED","11","(H)"
"CENSUS","2017","YEAR","","STATE","IDAHO","16","","","","","","","00000000","","PEAFOWL","PEAFOWL, HENS & COCKS - SALES, MEASURED IN HEAD","TOTAL","NOT SPECIFIED","73","(H)"
"CENSUS","2017","YEAR","","STATE","ILLINOIS","17","","","","","","","00000000","","PEAFOWL","PEAFOWL, HENS & COCKS - OPERATIONS WITH SALES","TOTAL","NOT SPECIFIED","20","17.3"
"CENSUS","2017","YEAR","","STATE","ILLINOIS","17","","","","","","","00000000","","PEAFOWL","PEAFOWL, HENS & COCKS - SALES, MEASURED IN HEAD","TOTAL","NOT SPECIFIED","197","26.8"
"CENSUS","2017","YEAR","","STATE","INDIANA","18","","","","","","","00000000","","PEAFOWL","PEAFOWL, HENS & COCKS - OPERATIONS WITH SALES","TOTAL","NOT SPECIFIED","24","34.3"
"CENSUS","2017","YEAR","","STATE","INDIANA","18","","","","","","","00000000","","PEAFOWL","PEAFOWL, HENS & COCKS - SALES, MEASURED IN HEAD","TOTAL","NOT SPECIFIED","2,883","96.4"
"CENSUS","2017","YEAR","","STATE","IOWA","19","","","","","","","00000000","","PEAFOWL","PEAFOWL, HENS & COCKS - OPERATIONS WITH SALES","TOTAL","NOT SPECIFIED","48","55.3"
"CENSUS","2017","YEAR","","STATE","IOWA","19","","","","","","","00000000","","PEAFOWL","PEAFOWL, HENS & COCKS - SALES, MEASURED IN HEAD","TOTAL","NOT SPECIFIED","1,776","99.4"
"CENSUS","2017","YEAR","","STATE","KANSAS","20","","","","","","","00000000","","PEAFOWL","PEAFOWL, HENS & COCKS - OPERATIONS WITH SALES","TOTAL","NOT SPECIFIED","20","(H)"
"CENSUS","2017","YEAR","","STATE","KANSAS","20","","","","","","","00000000","","PEAFOWL","PEAFOWL, HENS & COCKS - SALES, MEASURED IN HEAD","TOTAL","NOT SPECIFIED","87","73.0"
"CENSUS","2017","YEAR","","STATE","KENTUCKY","21","","","","","","","00000000","","PEAFOWL","PEAFOWL, HENS & COCKS - OPERATIONS WITH SALES","TOTAL","NOT SPECIFIED","29","(H)"
"CENSUS","2017","YEAR","","STATE","KENTUCKY","21","","","","","","","00000000","","PEAFOWL","PEAFOWL, HENS & COCKS - SALES, MEASURED IN HEAD","TOTAL","NOT SPECIFIED","373","(H)"
"CENSUS","2017","YEAR","","STATE","LOUISIANA","22","","","","","","","00000000","","PEAFOWL","PEAFOWL, HENS & COCKS - OPERATIONS WITH SALES","TOTAL","NOT SPECIFIED","7","(H)"
"CENSUS","2017","YEAR","","STATE","LOUISIANA","22","","","","","","","00000000","","PEAFOWL","PEAFOWL, HENS & COCKS - SALES, MEASURED IN HEAD","TOTAL","NOT SPECIFIED"," (D)","(D)"
"CENSUS","2017","YEAR","","STATE","MAINE","23","","","","","","","00000000","","PEAFOWL","PEAFOWL, HENS & COCKS - OPERATIONS WITH SALES","TOTAL","NOT SPECIFIED","3","(H)"
"CENSUS","2017","YEAR","","STATE","MAINE","23","","","","","","","00000000","","PEAFOWL","PEAFOWL, HENS & COCKS - SALES, MEASURED IN HEAD","TOTAL","NOT SPECIFIED","6","(H)"
"CENSUS","2017","YEAR","","STATE","MARYLAND","24","","","","","","","00000000","","PEAFOWL","PEAFOWL, HENS & COCKS - OPERATIONS WITH SALES","TOTAL","NOT SPECIFIED","4","61.9"
"CENSUS","2017","YEAR","","STATE","MARYLAND","24","","","","","","","00000000","","PEAFOWL","PEAFOWL, HENS & COCKS - SALES, MEASURED IN HEAD","TOTAL","NOT SPECIFIED","9","55.3"
"CENSUS","2017","YEAR","","STATE","MASSACHUSETTS","25","","","","","","","00000000","","PEAFOWL","PEAFOWL, HENS & COCKS - OPERATIONS WITH SALES","TOTAL","NOT SPECIFIED","12","45.1"
"CENSUS","2017","YEAR","","STATE","MASSACHUSETTS","25","","","","","","","00000000","","PEAFOWL","PEAFOWL, HENS & COCKS - SALES, MEASURED IN HEAD","TOTAL","NOT SPECIFIED","118","13.6"
"CENSUS","2017","YEAR","","STATE","MICHIGAN","26","","","","","","","00000000","","PEAFOWL","PEAFOWL, HENS & COCKS - OPERATIONS WITH SALES","TOTAL","NOT SPECIFIED","46","37.7"
"CENSUS","2017","YEAR","","STATE","MICHIGAN","26","","","","","","","00000000","","PEAFOWL","PEAFOWL, HENS & COCKS - SALES, MEASURED IN HEAD","TOTAL","NOT SPECIFIED","495","23.0"
"CENSUS","2017","YEAR","","STATE","MINNESOTA","27","","","","","","","00000000","","PEAFOWL","PEAFOWL, HENS & COCKS - OPERATIONS WITH SALES","TOTAL","NOT SPECIFIED","34","29.1"
"CENSUS","2017","YEAR","","STATE","MINNESOTA","27","","","","","","","00000000","","PEAFOWL","PEAFOWL, HENS & COCKS - SALES, MEASURED IN HEAD","TOTAL","NOT SPECIFIED","183","30.3"
"CENSUS","2017","YEAR","","STATE","MISSISSIPPI","28","","","","","","","00000000","","PEAFOWL","PEAFOWL, HENS & COCKS - OPERATIONS WITH SALES","TOTAL","NOT SPECIFIED","19","68.3"
"CENSUS","2017","YEAR","","STATE","MISSISSIPPI","28","","","","","","","00000000","","PEAFOWL","PEAFOWL, HENS & COCKS - SALES, MEASURED IN HEAD","TOTAL","NOT SPECIFIED","329","64.5"
"CENSUS","2017","YEAR","","STATE","MISSOURI","29","","","","","","","00000000","","PEAFOWL","PEAFOWL, HENS & COCKS - OPERATIONS WITH SALES","TOTAL","NOT SPECIFIED","64","70.6"
"CENSUS","2017","YEAR","","STATE","MISSOURI","29","","","","","","","00000000","","PEAFOWL","PEAFOWL, HENS & COCKS - SALES, MEASURED IN HEAD","TOTAL","NOT SPECIFIED","266","43.5"
"CENSUS","2017","YEAR","","STATE","MONTANA","30","","","","","","","00000000","","PEAFOWL","PEAFOWL, HENS & COCKS - OPERATIONS WITH SALES","TOTAL","NOT SPECIFIED","2","4.5"
"CENSUS","2017","YEAR","","STATE","MONTANA","30","","","","","","","00000000","","PEAFOWL","PEAFOWL, HENS & COCKS - SALES, MEASURED IN HEAD","TOTAL","NOT SPECIFIED"," (D)","(D)"
"CENSUS","2017","YEAR","","STATE","NEBRASKA","31","","","","","","","00000000","","PEAFOWL","PEAFOWL, HENS & COCKS - OPERATIONS WITH SALES","TOTAL","NOT SPECIFIED","18","54.4"
"CENSUS","2017","YEAR","","STATE","NEBRASKA","31","","","","","","","00000000","","PEAFOWL","PEAFOWL, HENS & COCKS - SALES, MEASURED IN HEAD","TOTAL","NOT SPECIFIED","115","77.9"
"CENSUS","2017","YEAR","","STATE","NEW HAMPSHIRE","33","","","","","","","00000000","","PEAFOWL","PEAFOWL, HENS & COCKS - OPERATIONS WITH SALES","TOTAL","NOT SPECIFIED","9","(H)"
"CENSUS","2017","YEAR","","STATE","NEW HAMPSHIRE","33","","","","","","","00000000","","PEAFOWL","PEAFOWL, HENS & COCKS - SALES, MEASURED IN HEAD","TOTAL","NOT SPECIFIED","19","95.7"
"CENSUS","2017","YEAR","","STATE","NEW JERSEY","34","","","","","","","00000000","","PEAFOWL","PEAFOWL, HENS & COCKS - OPERATIONS WITH SALES","TOTAL","NOT SPECIFIED","16","50.6"
"CENSUS","2017","YEAR","","STATE","NEW JERSEY","34","","","","","","","00000000","","PEAFOWL","PEAFOWL, HENS & COCKS - SALES, MEASURED IN HEAD","TOTAL","NOT SPECIFIED","70","82.7"
"CENSUS","2017","YEAR","","STATE","NEW MEXICO","35","","","","","","","00000000","","PEAFOWL","PEAFOWL, HENS & COCKS - OPERATIONS WITH SALES","TOTAL","NOT SPECIFIED","9","(H)"
"CENSUS","2017","YEAR","","STATE","NEW MEXICO","35","","","","","","","00000000","","PEAFOWL","PEAFOWL, HENS & COCKS - SALES, MEASURED IN HEAD","TOTAL","NOT SPECIFIED","16","(H)"
"CENSUS","2017","YEAR","","STATE","NEW YORK","36","","","","","","","00000000","","PEAFOWL","PEAFOWL, HENS & COCKS - OPERATIONS WITH SALES","TOTAL","NOT SPECIFIED","23","48.7"
"CENSUS","2017","YEAR","","STATE","NEW YORK","36","","","","","","","00000000","","PEAFOWL","PEAFOWL, HENS & COCKS - SALES, MEASURED IN HEAD","TOTAL","NOT SPECIFIED"," (D)","(D)"
"CENSUS","2017","YEAR","","STATE","NORTH CAROLINA","37","","","","","","","00000000","","PEAFOWL","PEAFOWL, HENS & COCKS - OPERATIONS WITH SALES","TOTAL","NOT SPECIFIED","30","57.2"
"CENSUS","2017","YEAR","","STATE","NORTH CAROLINA","37","","","","","","","00000000","","PEAFOWL","PEAFOWL, HENS & COCKS - SALES, MEASURED IN HEAD","TOTAL","NOT SPECIFIED","402","18.6"
"CENSUS","2017","YEAR","","STATE","NORTH DAKOTA","38","","","","","","","00000000","","PEAFOWL","PEAFOWL, HENS & COCKS - OPERATIONS WITH SALES","TOTAL","NOT SPECIFIED","6","47.3"
"CENSUS","2017","YEAR","","STATE","NORTH DAKOTA","38","","","","","","","00000000","","PEAFOWL","PEAFOWL, HENS & COCKS - SALES, MEASURED IN HEAD","TOTAL","NOT SPECIFIED","24","23.7"
"CENSUS","2017","YEAR","","STATE","OHIO","39","","","","","","","00000000","","PEAFOWL","PEAFOWL, HENS & COCKS - OPERATIONS WITH SALES","TOTAL","NOT SPECIFIED","42","72.1"
"CENSUS","2017","YEAR","","STATE","OHIO","39","","","","","","","00000000","","PEAFOWL","PEAFOWL, HENS & COCKS - SALES, MEASURED IN HEAD","TOTAL","NOT SPECIFIED","521","88.5"
"CENSUS","2017","YEAR","","STATE","OKLAHOMA","40","","","","","","","00000000","","PEAFOWL","PEAFOWL, HENS & COCKS - OPERATIONS WITH SALES","TOTAL","NOT SPECIFIED","61","63.3"
"CENSUS","2017","YEAR","","STATE","OKLAHOMA","40","","","","","","","00000000","","PEAFOWL","PEAFOWL, HENS & COCKS - SALES, MEASURED IN HEAD","TOTAL","NOT SPECIFIED","367","66.7"
"CENSUS","2017","YEAR","","STATE","OREGON","41","","","","","","","00000000","","PEAFOWL","PEAFOWL, HENS & COCKS - OPERATIONS WITH SALES","TOTAL","NOT SPECIFIED","36","85.5"
"CENSUS","2017","YEAR","","STATE","OREGON","41","","","","","","","00000000","","PEAFOWL","PEAFOWL, HENS & COCKS - SALES, MEASURED IN HEAD","TOTAL","NOT SPECIFIED","291","67.5"
"CENSUS","2017","YEAR","","STATE","PENNSYLVANIA","42","","","","","","","00000000","","PEAFOWL","PEAFOWL, HENS & COCKS - OPERATIONS WITH SALES","TOTAL","NOT SPECIFIED","53","16.2"
"CENSUS","2017","YEAR","","STATE","PENNSYLVANIA","42","","","","","","","00000000","","PEAFOWL","PEAFOWL, HENS & COCKS - SALES, MEASURED IN HEAD","TOTAL","NOT SPECIFIED","238","17.7"
"CENSUS","2017","YEAR","","STATE","RHODE ISLAND","44","","","","","","","00000000","","PEAFOWL","PEAFOWL, HENS & COCKS - OPERATIONS WITH SALES","TOTAL","NOT SPECIFIED","6","(H)"
"CENSUS","2017","YEAR","","STATE","RHODE ISLAND","44","","","","","","","00000000","","PEAFOWL","PEAFOWL, HENS & COCKS - SALES, MEASURED IN HEAD","TOTAL","NOT SPECIFIED","18","(H)"
"CENSUS","2017","YEAR","","STATE","SOUTH CAROLINA","45","","","","","","","00000000","","PEAFOWL","PEAFOWL, HENS & COCKS - OPERATIONS WITH SALES","TOTAL","NOT SPECIFIED","24","96.3"
"CENSUS","2017","YEAR","","STATE","SOUTH CAROLINA","45","","","","","","","00000000","","PEAFOWL","PEAFOWL, HENS & COCKS - SALES, MEASURED IN HEAD","TOTAL","NOT SPECIFIED","86","51.6"
"CENSUS","2017","YEAR","","STATE","SOUTH DAKOTA","46","","","","","","","00000000","","PEAFOWL","PEAFOWL, HENS & COCKS - OPERATIONS WITH SALES","TOTAL","NOT SPECIFIED","7","99.0"
"CENSUS","2017","YEAR","","STATE","SOUTH DAKOTA","46","","","","","","","00000000","","PEAFOWL","PEAFOWL, HENS & COCKS - SALES, MEASURED IN HEAD","TOTAL","NOT SPECIFIED","56","(H)"
"CENSUS","2017","YEAR","","STATE","TENNESSEE","47","","","","","","","00000000","","PEAFOWL","PEAFOWL, HENS & COCKS - OPERATIONS WITH SALES","TOTAL","NOT SPECIFIED","52","32.8"
"CENSUS","2017","YEAR","","STATE","TENNESSEE","47","","","","","","","00000000","","PEAFOWL","PEAFOWL, HENS & COCKS - SALES, MEASURED IN HEAD","TOTAL","NOT SPECIFIED","589","42.3"
"CENSUS","2017","YEAR","","STATE","TEXAS","48","","","","","","","00000000","","PEAFOWL","PEAFOWL, HENS & COCKS - OPERATIONS WITH SALES","TOTAL","NOT SPECIFIED","199","62.8"
"CENSUS","2017","YEAR","","STATE","TEXAS","48","","","","","","","00000000","","PEAFOWL","PEAFOWL, HENS & COCKS - SALES, MEASURED IN HEAD","TOTAL","NOT SPECIFIED","1,788","22.8"
"CENSUS","2017","YEAR","","STATE","UTAH","49","","","","","","","00000000","","PEAFOWL","PEAFOWL, HENS & COCKS - OPERATIONS WITH SALES","TOTAL","NOT SPECIFIED","5","(H)"
"CENSUS","2017","YEAR","","STATE","UTAH","49","","","","","","","00000000","","PEAFOWL","PEAFOWL, HENS & COCKS - SALES, MEASURED IN HEAD","TOTAL","NOT SPECIFIED","19","(H)"
"CENSUS","2017","YEAR","","STATE","VERMONT","50","","","","","","","00000000","","PEAFOWL","PEAFOWL, HENS & COCKS - OPERATIONS WITH SALES","TOTAL","NOT SPECIFIED","4","(H)"
"CENSUS","2017","YEAR","","STATE","VERMONT","50","","","","","","","00000000","","PEAFOWL","PEAFOWL, HENS & COCKS - SALES, MEASURED IN HEAD","TOTAL","NOT SPECIFIED","20","(H)"
"CENSUS","2017","YEAR","","STATE","VIRGINIA","51","","","","","","","00000000","","PEAFOWL","PEAFOWL, HENS & COCKS - OPERATIONS WITH SALES","TOTAL","NOT SPECIFIED","47","37.7"
"CENSUS","2017","YEAR","","STATE","VIRGINIA","51","","","","","","","00000000","","PEAFOWL","PEAFOWL, HENS & COCKS - SALES, MEASURED IN HEAD","TOTAL","NOT SPECIFIED","387","44.5"
"CENSUS","2017","YEAR","","STATE","WASHINGTON","53","","","","","","","00000000","","PEAFOWL","PEAFOWL, HENS & COCKS - OPERATIONS WITH SALES","TOTAL","NOT SPECIFIED","31","32.5"
"CENSUS","2017","YEAR","","STATE","WASHINGTON","53","","","","","","","00000000","","PEAFOWL","PEAFOWL, HENS & COCKS - SALES, MEASURED IN HEAD","TOTAL","NOT SPECIFIED","144","37.8"
"CENSUS","2017","YEAR","","STATE","WEST VIRGINIA","54","","","","","","","00000000","","PEAFOWL","PEAFOWL, HENS & COCKS - OPERATIONS WITH SALES","TOTAL","NOT SPECIFIED","14","(H)"
"CENSUS","2017","YEAR","","STATE","WEST VIRGINIA","54","","","","","","","00000000","","PEAFOWL","PEAFOWL, HENS & COCKS - SALES, MEASURED IN HEAD","TOTAL","NOT SPECIFIED","107","(H)"
"CENSUS","2017","YEAR","","STATE","WISCONSIN","55","","","","","","","00000000","","PEAFOWL","PEAFOWL, HENS & COCKS - OPERATIONS WITH SALES","TOTAL","NOT SPECIFIED","15","(H)"
"CENSUS","2017","YEAR","","STATE","WISCONSIN","55","","","","","","","00000000","","PEAFOWL","PEAFOWL, HENS & COCKS - SALES, MEASURED IN HEAD","TOTAL","NOT SPECIFIED","78","(H)"
"CENSUS","2017","YEAR","","STATE","WYOMING","56","","","","","","","00000000","","PEAFOWL","PEAFOWL, HENS & COCKS - OPERATIONS WITH SALES","TOTAL","NOT SPECIFIED","6","60.0"
"CENSUS","2017","YEAR","","STATE","WYOMING","56","","","","","","","00000000","","PEAFOWL","PEAFOWL, HENS & COCKS - SALES, MEASURED IN HEAD","TOTAL","NOT SPECIFIED","13","42.0"
"CENSUS","2017","END OF DEC","","STATE","ALABAMA","01","","","","","","","00000000","","PEAFOWL","PEAFOWL, HENS & COCKS - INVENTORY","TOTAL","NOT SPECIFIED","878","40.8"
"CENSUS","2017","END OF DEC","","STATE","ALABAMA","01","","","","","","","00000000","","PEAFOWL","PEAFOWL, HENS & COCKS - OPERATIONS WITH INVENTORY","TOTAL","NOT SPECIFIED","115","95.7"
"CENSUS","2017","END OF DEC","","STATE","ALASKA","02","","","","","","","00000000","","PEAFOWL","PEAFOWL, HENS & COCKS - INVENTORY","TOTAL","NOT SPECIFIED","26","(L)"
"CENSUS","2017","END OF DEC","","STATE","ALASKA","02","","","","","","","00000000","","PEAFOWL","PEAFOWL, HENS & COCKS - OPERATIONS WITH INVENTORY","TOTAL","NOT SPECIFIED","3","(L)"
"CENSUS","2017","END OF DEC","","STATE","ARIZONA","04","","","","","","","00000000","","PEAFOWL","PEAFOWL, HENS & COCKS - INVENTORY","TOTAL","NOT SPECIFIED","704","58.1"
"CENSUS","2017","END OF DEC","","STATE","ARIZONA","04","","","","","","","00000000","","PEAFOWL","PEAFOWL, HENS & COCKS - OPERATIONS WITH INVENTORY","TOTAL","NOT SPECIFIED","99","60.4"
"CENSUS","2017","END OF DEC","","STATE","ARKANSAS","05","","","","","","","00000000","","PEAFOWL","PEAFOWL, HENS & COCKS - INVENTORY","TOTAL","NOT SPECIFIED","349","(H)"
"CENSUS","2017","END OF DEC","","STATE","ARKANSAS","05","","","","","","","00000000","","PEAFOWL","PEAFOWL, HENS & COCKS - OPERATIONS WITH INVENTORY","TOTAL","NOT SPECIFIED","68","70.8"
"CENSUS","2017","END OF DEC","","STATE","CALIFORNIA","06","","","","","","","00000000","","PEAFOWL","PEAFOWL, HENS & COCKS - INVENTORY","TOTAL","NOT SPECIFIED","1,568","40.3"
"CENSUS","2017","END OF DEC","","STATE","CALIFORNIA","06","","","","","","","00000000","","PEAFOWL","PEAFOWL, HENS & COCKS - OPERATIONS WITH INVENTORY","TOTAL","NOT SPECIFIED","168","49.9"
"CENSUS","2017","END OF DEC","","STATE","COLORADO","08","","","","","","","00000000","","PEAFOWL","PEAFOWL, HENS & COCKS - INVENTORY","TOTAL","NOT SPECIFIED","1,222","57.1"
"CENSUS","2017","END OF DEC","","STATE","COLORADO","08","","","","","","","00000000","","PEAFOWL","PEAFOWL, HENS & COCKS - OPERATIONS WITH INVENTORY","TOTAL","NOT SPECIFIED","168","34.7"
"CENSUS","2017","END OF DEC","","STATE","CONNECTICUT","09","","","","","","","00000000","","PEAFOWL","PEAFOWL, HENS & COCKS - INVENTORY","TOTAL","NOT SPECIFIED","237","62.5"
"CENSUS","2017","END OF DEC","","STATE","CONNECTICUT","09","","","","","","","00000000","","PEAFOWL","PEAFOWL, HENS & COCKS - OPERATIONS WITH INVENTORY","TOTAL","NOT SPECIFIED","46","48.6"
"CENSUS","2017","END OF DEC","","STATE","DELAWARE","10","","","","","","","00000000","","PEAFOWL","PEAFOWL, HENS & COCKS - INVENTORY","TOTAL","NOT SPECIFIED","239","(H)"
"CENSUS","2017","END OF DEC","","STATE","DELAWARE","10","","","","","","","00000000","","PEAFOWL","PEAFOWL, HENS & COCKS - OPERATIONS WITH INVENTORY","TOTAL","NOT SPECIFIED","9","(H)"
"CENSUS","2017","END OF DEC","","STATE","FLORIDA","12","","","","","","","00000000","","PEAFOWL","PEAFOWL, HENS & COCKS - INVENTORY","TOTAL","NOT SPECIFIED","2,696","34.6"
"CENSUS","2017","END OF DEC","","STATE","FLORIDA","12","","","","","","","00000000","","PEAFOWL","PEAFOWL, HENS & COCKS - OPERATIONS WITH INVENTORY","TOTAL","NOT SPECIFIED","313","29.1"
"CENSUS","2017","END OF DEC","","STATE","GEORGIA","13","","","","","","","00000000","","PEAFOWL","PEAFOWL, HENS & COCKS - INVENTORY","TOTAL","NOT SPECIFIED","1,077","27.1"
"CENSUS","2017","END OF DEC","","STATE","GEORGIA","13","","","","","","","00000000","","PEAFOWL","PEAFOWL, HENS & COCKS - OPERATIONS WITH INVENTORY","TOTAL","NOT SPECIFIED","168","61.5"
"CENSUS","2017","END OF DEC","","STATE","HAWAII","15","","","","","","","00000000","","PEAFOWL","PEAFOWL, HENS & COCKS - INVENTORY","TOTAL","NOT SPECIFIED","101","(H)"
"CENSUS","2017","END OF DEC","","STATE","HAWAII","15","","","","","","","00000000","","PEAFOWL","PEAFOWL, HENS & COCKS - OPERATIONS WITH INVENTORY","TOTAL","NOT SPECIFIED","10","(H)"
"CENSUS","2017","END OF DEC","","STATE","IDAHO","16","","","","","","","00000000","","PEAFOWL","PEAFOWL, HENS & COCKS - INVENTORY","TOTAL","NOT SPECIFIED","600","35.8"
"CENSUS","2017","END OF DEC","","STATE","IDAHO","16","","","","","","","00000000","","PEAFOWL","PEAFOWL, HENS & COCKS - OPERATIONS WITH INVENTORY","TOTAL","NOT SPECIFIED","58","32.4"
"CENSUS","2017","END OF DEC","","STATE","ILLINOIS","17","","","","","","","00000000","","PEAFOWL","PEAFOWL, HENS & COCKS - INVENTORY","TOTAL","NOT SPECIFIED","1,184","28.9"
"CENSUS","2017","END OF DEC","","STATE","ILLINOIS","17","","","","","","","00000000","","PEAFOWL","PEAFOWL, HENS & COCKS - OPERATIONS WITH INVENTORY","TOTAL","NOT SPECIFIED","167","24.7"
"CENSUS","2017","END OF DEC","","STATE","INDIANA","18","","","","","","","00000000","","PEAFOWL","PEAFOWL, HENS & COCKS - INVENTORY","TOTAL","NOT SPECIFIED","1,329","50.4"
"CENSUS","2017","END OF DEC","","STATE","INDIANA","18","","","","","","","00000000","","PEAFOWL","PEAFOWL, HENS & COCKS - OPERATIONS WITH INVENTORY","TOTAL","NOT SPECIFIED","187","(H)"
"CENSUS","2017","END OF DEC","","STATE","IOWA","19","","","","","","","00000000","","PEAFOWL","PEAFOWL, HENS & COCKS - INVENTORY","TOTAL","NOT SPECIFIED","2,164","40.1"
"CENSUS","2017","END OF DEC","","STATE","IOWA","19","","","","","","","00000000","","PEAFOWL","PEAFOWL, HENS & COCKS - OPERATIONS WITH INVENTORY","TOTAL","NOT SPECIFIED","151","26.0"
"CENSUS","2017","END OF DEC","","STATE","KANSAS","20","","","","","","","00000000","","PEAFOWL","PEAFOWL, HENS & COCKS - INVENTORY","TOTAL","NOT SPECIFIED","806","47.9"
"CENSUS","2017","END OF DEC","","STATE","KANSAS","20","","","","","","","00000000","","PEAFOWL","PEAFOWL, HENS & COCKS - OPERATIONS WITH INVENTORY","TOTAL","NOT SPECIFIED","114","36.7"
"CENSUS","2017","END OF DEC","","STATE","KENTUCKY","21","","","","","","","00000000","","PEAFOWL","PEAFOWL, HENS & COCKS - INVENTORY","TOTAL","NOT SPECIFIED","1,186","60.2"
"CENSUS","2017","END OF DEC","","STATE","KENTUCKY","21","","","","","","","00000000","","PEAFOWL","PEAFOWL, HENS & COCKS - OPERATIONS WITH INVENTORY","TOTAL","NOT SPECIFIED","229","69.9"
"CENSUS","2017","END OF DEC","","STATE","LOUISIANA","22","","","","","","","00000000","","PEAFOWL","PEAFOWL, HENS & COCKS - INVENTORY","TOTAL","NOT SPECIFIED","596","(H)"
"CENSUS","2017","END OF DEC","","STATE","LOUISIANA","22","","","","","","","00000000","","PEAFOWL","PEAFOWL, HENS & COCKS - OPERATIONS WITH INVENTORY","TOTAL","NOT SPECIFIED","101","77.9"
"CENSUS","2017","END OF DEC","","STATE","MAINE","23","","","","","","","00000000","","PEAFOWL","PEAFOWL, HENS & COCKS - INVENTORY","TOTAL","NOT SPECIFIED","130","43.3"
"CENSUS","2017","END OF DEC","","STATE","MAINE","23","","","","","","","00000000","","PEAFOWL","PEAFOWL, HENS & COCKS - OPERATIONS WITH INVENTORY","TOTAL","NOT SPECIFIED","25","52.5"
"CENSUS","2017","END OF DEC","","STATE","MARYLAND","24","","","","","","","00000000","","PEAFOWL","PEAFOWL, HENS & COCKS - INVENTORY","TOTAL","NOT SPECIFIED","331","46.2"
"CENSUS","2017","END OF DEC","","STATE","MARYLAND","24","","","","","","","00000000","","PEAFOWL","PEAFOWL, HENS & COCKS - OPERATIONS WITH INVENTORY","TOTAL","NOT SPECIFIED","69","42.8"
"CENSUS","2017","END OF DEC","","STATE","MASSACHUSETTS","25","","","","","","","00000000","","PEAFOWL","PEAFOWL, HENS & COCKS - INVENTORY","TOTAL","NOT SPECIFIED","654","41.9"
"CENSUS","2017","END OF DEC","","STATE","MASSACHUSETTS","25","","","","","","","00000000","","PEAFOWL","PEAFOWL, HENS & COCKS - OPERATIONS WITH INVENTORY","TOTAL","NOT SPECIFIED","57","46.0"
"CENSUS","2017","END OF DEC","","STATE","MICHIGAN","26","","","","","","","00000000","","PEAFOWL","PEAFOWL, HENS & COCKS - INVENTORY","TOTAL","NOT SPECIFIED","1,699","43.5"
"CENSUS","2017","END OF DEC","","STATE","MICHIGAN","26","","","","","","","00000000","","PEAFOWL","PEAFOWL, HENS & COCKS - OPERATIONS WITH INVENTORY","TOTAL","NOT SPECIFIED","269","95.6"
"CENSUS","2017","END OF DEC","","STATE","MINNESOTA","27","","","","","","","00000000","","PEAFOWL","PEAFOWL, HENS & COCKS - INVENTORY","TOTAL","NOT SPECIFIED","1,143","41.1"
"CENSUS","2017","END OF DEC","","STATE","MINNESOTA","27","","","","","","","00000000","","PEAFOWL","PEAFOWL, HENS & COCKS - OPERATIONS WITH INVENTORY","TOTAL","NOT SPECIFIED","194","82.9"
"CENSUS","2017","END OF DEC","","STATE","MISSISSIPPI","28","","","","","","","00000000","","PEAFOWL","PEAFOWL, HENS & COCKS - INVENTORY","TOTAL","NOT SPECIFIED","1,365","48.7"
"CENSUS","2017","END OF DEC","","STATE","MISSISSIPPI","28","","","","","","","00000000","","PEAFOWL","PEAFOWL, HENS & COCKS - OPERATIONS WITH INVENTORY","TOTAL","NOT SPECIFIED","97","25.4"
"CENSUS","2017","END OF DEC","","STATE","MISSOURI","29","","","","","","","00000000","","PEAFOWL","PEAFOWL, HENS & COCKS - INVENTORY","TOTAL","NOT SPECIFIED","1,633","34.3"
"CENSUS","2017","END OF DEC","","STATE","MISSOURI","29","","","","","","","00000000","","PEAFOWL","PEAFOWL, HENS & COCKS - OPERATIONS WITH INVENTORY","TOTAL","NOT SPECIFIED","257","58.3"
"CENSUS","2017","END OF DEC","","STATE","MONTANA","30","","","","","","","00000000","","PEAFOWL","PEAFOWL, HENS & COCKS - INVENTORY","TOTAL","NOT SPECIFIED","467","36.6"
"CENSUS","2017","END OF DEC","","STATE","MONTANA","30","","","","","","","00000000","","PEAFOWL","PEAFOWL, HENS & COCKS - OPERATIONS WITH INVENTORY","TOTAL","NOT SPECIFIED","52","30.0"
"CENSUS","2017","END OF DEC","","STATE","NEBRASKA","31","","","","","","","00000000","","PEAFOWL","PEAFOWL, HENS & COCKS - INVENTORY","TOTAL","NOT SPECIFIED","1,152","58.9"
"CENSUS","2017","END OF DEC","","STATE","NEBRASKA","31","","","","","","","00000000","","PEAFOWL","PEAFOWL, HENS & COCKS - OPERATIONS WITH INVENTORY","TOTAL","NOT SPECIFIED","137","21.5"
"CENSUS","2017","END OF DEC","","STATE","NEVADA","32","","","","","","","00000000","","PEAFOWL","PEAFOWL, HENS & COCKS - INVENTORY","TOTAL","NOT SPECIFIED","154","61.5"
"CENSUS","2017","END OF DEC","","STATE","NEVADA","32","","","","","","","00000000","","PEAFOWL","PEAFOWL, HENS & COCKS - OPERATIONS WITH INVENTORY","TOTAL","NOT SPECIFIED","28","63.8"
"CENSUS","2017","END OF DEC","","STATE","NEW HAMPSHIRE","33","","","","","","","00000000","","PEAFOWL","PEAFOWL, HENS & COCKS - INVENTORY","TOTAL","NOT SPECIFIED","135","47.0"
"CENSUS","2017","END OF DEC","","STATE","NEW HAMPSHIRE","33","","","","","","","00000000","","PEAFOWL","PEAFOWL, HENS & COCKS - OPERATIONS WITH INVENTORY","TOTAL","NOT SPECIFIED","33","45.4"
"CENSUS","2017","END OF DEC","","STATE","NEW JERSEY","34","","","","","","","00000000","","PEAFOWL","PEAFOWL, HENS & COCKS - INVENTORY","TOTAL","NOT SPECIFIED","495","69.0"
"CENSUS","2017","END OF DEC","","STATE","NEW JERSEY","34","","","","","","","00000000","","PEAFOWL","PEAFOWL, HENS & COCKS - OPERATIONS WITH INVENTORY","TOTAL","NOT SPECIFIED","116","66.7"
"CENSUS","2017","END OF DEC","","STATE","NEW MEXICO","35","","","","","","","00000000","","PEAFOWL","PEAFOWL, HENS & COCKS - INVENTORY","TOTAL","NOT SPECIFIED","724","70.7"
"CENSUS","2017","END OF DEC","","STATE","NEW MEXICO","35","","","","","","","00000000","","PEAFOWL","PEAFOWL, HENS & COCKS - OPERATIONS WITH INVENTORY","TOTAL","NOT SPECIFIED","138","91.9"
"CENSUS","2017","END OF DEC","","STATE","NEW YORK","36","","","","","","","00000000","","PEAFOWL","PEAFOWL, HENS & COCKS - INVENTORY","TOTAL","NOT SPECIFIED","919","(H)"
"CENSUS","2017","END OF DEC","","STATE","NEW YORK","36","","","","","","","00000000","","PEAFOWL","PEAFOWL, HENS & COCKS - OPERATIONS WITH INVENTORY","TOTAL","NOT SPECIFIED","159","(H)"
"CENSUS","2017","END OF DEC","","STATE","NORTH CAROLINA","37","","","","","","","00000000","","PEAFOWL","PEAFOWL, HENS & COCKS - INVENTORY","TOTAL","NOT SPECIFIED","876","53.2"
"CENSUS","2017","END OF DEC","","STATE","NORTH CAROLINA","37","","","","","","","00000000","","PEAFOWL","PEAFOWL, HENS & COCKS - OPERATIONS WITH INVENTORY","TOTAL","NOT SPECIFIED","187","39.3"
"CENSUS","2017","END OF DEC","","STATE","NORTH DAKOTA","38","","","","","","","00000000","","PEAFOWL","PEAFOWL, HENS & COCKS - INVENTORY","TOTAL","NOT SPECIFIED","186","50.2"
"CENSUS","2017","END OF DEC","","STATE","NORTH DAKOTA","38","","","","","","","00000000","","PEAFOWL","PEAFOWL, HENS & COCKS - OPERATIONS WITH INVENTORY","TOTAL","NOT SPECIFIED","23","78.1"
"CENSUS","2017","END OF DEC","","STATE","OHIO","39","","","","","","","00000000","","PEAFOWL","PEAFOWL, HENS & COCKS - INVENTORY","TOTAL","NOT SPECIFIED","1,617","31.6"
"CENSUS","2017","END OF DEC","","STATE","OHIO","39","","","","","","","00000000","","PEAFOWL","PEAFOWL, HENS & COCKS - OPERATIONS WITH INVENTORY","TOTAL","NOT SPECIFIED","236","37.0"
"CENSUS","2017","END OF DEC","","STATE","OKLAHOMA","40","","","","","","","00000000","","PEAFOWL","PEAFOWL, HENS & COCKS - INVENTORY","TOTAL","NOT SPECIFIED","1,439","(H)"
"CENSUS","2017","END OF DEC","","STATE","OKLAHOMA","40","","","","","","","00000000","","PEAFOWL","PEAFOWL, HENS & COCKS - OPERATIONS WITH INVENTORY","TOTAL","NOT SPECIFIED","267","(H)"
"CENSUS","2017","END OF DEC","","STATE","OREGON","41","","","","","","","00000000","","PEAFOWL","PEAFOWL, HENS & COCKS - INVENTORY","TOTAL","NOT SPECIFIED","1,113","43.3"
"CENSUS","2017","END OF DEC","","STATE","OREGON","41","","","","","","","00000000","","PEAFOWL","PEAFOWL, HENS & COCKS - OPERATIONS WITH INVENTORY","TOTAL","NOT SPECIFIED","135","28.4"
"CENSUS","2017","END OF DEC","","STATE","PENNSYLVANIA","42","","","","","","","00000000","","PEAFOWL","PEAFOWL, HENS & COCKS - INVENTORY","TOTAL","NOT SPECIFIED","1,926","22.9"
"CENSUS","2017","END OF DEC","","STATE","PENNSYLVANIA","42","","","","","","","00000000","","PEAFOWL","PEAFOWL, HENS & COCKS - OPERATIONS WITH INVENTORY","TOTAL","NOT SPECIFIED","278","32.5"
"CENSUS","2017","END OF DEC","","STATE","RHODE ISLAND","44","","","","","","","00000000","","PEAFOWL","PEAFOWL, HENS & COCKS - INVENTORY","TOTAL","NOT SPECIFIED","22","(H)"
"CENSUS","2017","END OF DEC","","STATE","RHODE ISLAND","44","","","","","","","00000000","","PEAFOWL","PEAFOWL, HENS & COCKS - OPERATIONS WITH INVENTORY","TOTAL","NOT SPECIFIED","9","(H)"
"CENSUS","2017","END OF DEC","","STATE","SOUTH CAROLINA","45","","","","","","","00000000","","PEAFOWL","PEAFOWL, HENS & COCKS - INVENTORY","TOTAL","NOT SPECIFIED","875","37.0"
"CENSUS","2017","END OF DEC","","STATE","SOUTH CAROLINA","45","","","","","","","00000000","","PEAFOWL","PEAFOWL, HENS & COCKS - OPERATIONS WITH INVENTORY","TOTAL","NOT SPECIFIED","161","47.9"
"CENSUS","2017","END OF DEC","","STATE","SOUTH DAKOTA","46","","","","","","","00000000","","PEAFOWL","PEAFOWL, HENS & COCKS - INVENTORY","TOTAL","NOT SPECIFIED","633","50.3"
"CENSUS","2017","END OF DEC","","STATE","SOUTH DAKOTA","46","","","","","","","00000000","","PEAFOWL","PEAFOWL, HENS & COCKS - OPERATIONS WITH INVENTORY","TOTAL","NOT SPECIFIED","59","51.5"
"CENSUS","2017","END OF DEC","","STATE","TENNESSEE","47","","","","","","","00000000","","PEAFOWL","PEAFOWL, HENS & COCKS - INVENTORY","TOTAL","NOT SPECIFIED","2,219","48.6"
"CENSUS","2017","END OF DEC","","STATE","TENNESSEE","47","","","","","","","00000000","","PEAFOWL","PEAFOWL, HENS & COCKS - OPERATIONS WITH INVENTORY","TOTAL","NOT SPECIFIED","248","32.7"
"CENSUS","2017","END OF DEC","","STATE","TEXAS","48","","","","","","","00000000","","PEAFOWL","PEAFOWL, HENS & COCKS - INVENTORY","TOTAL","NOT SPECIFIED","6,787","20.6"
"CENSUS","2017","END OF DEC","","STATE","TEXAS","48","","","","","","","00000000","","PEAFOWL","PEAFOWL, HENS & COCKS - OPERATIONS WITH INVENTORY","TOTAL","NOT SPECIFIED","1,069","31.4"
"CENSUS","2017","END OF DEC","","STATE","UTAH","49","","","","","","","00000000","","PEAFOWL","PEAFOWL, HENS & COCKS - INVENTORY","TOTAL","NOT SPECIFIED","628","44.5"
"CENSUS","2017","END OF DEC","","STATE","UTAH","49","","","","","","","00000000","","PEAFOWL","PEAFOWL, HENS & COCKS - OPERATIONS WITH INVENTORY","TOTAL","NOT SPECIFIED","79","28.6"
"CENSUS","2017","END OF DEC","","STATE","VERMONT","50","","","","","","","00000000","","PEAFOWL","PEAFOWL, HENS & COCKS - INVENTORY","TOTAL","NOT SPECIFIED","157","(H)"
"CENSUS","2017","END OF DEC","","STATE","VERMONT","50","","","","","","","00000000","","PEAFOWL","PEAFOWL, HENS & COCKS - OPERATIONS WITH INVENTORY","TOTAL","NOT SPECIFIED","26","62.1"
"CENSUS","2017","END OF DEC","","STATE","VIRGINIA","51","","","","","","","00000000","","PEAFOWL","PEAFOWL, HENS & COCKS - INVENTORY","TOTAL","NOT SPECIFIED","1,506","89.6"
"CENSUS","2017","END OF DEC","","STATE","VIRGINIA","51","","","","","","","00000000","","PEAFOWL","PEAFOWL, HENS & COCKS - OPERATIONS WITH INVENTORY","TOTAL","NOT SPECIFIED","226","40.6"
"CENSUS","2017","END OF DEC","","STATE","WASHINGTON","53","","","","","","","00000000","","PEAFOWL","PEAFOWL, HENS & COCKS - INVENTORY","TOTAL","NOT SPECIFIED","1,241","36.6"
"CENSUS","2017","END OF DEC","","STATE","WASHINGTON","53","","","","","","","00000000","","PEAFOWL","PEAFOWL, HENS & COCKS - OPERATIONS WITH INVENTORY","TOTAL","NOT SPECIFIED","165","35.3"
"CENSUS","2017","END OF DEC","","STATE","WEST VIRGINIA","54","","","","","","","00000000","","PEAFOWL","PEAFOWL, HENS & COCKS - INVENTORY","TOTAL","NOT SPECIFIED","471","62.2"
"CENSUS","2017","END OF DEC","","STATE","WEST VIRGINIA","54","","","","","","","00000000","","PEAFOWL","PEAFOWL, HENS & COCKS - OPERATIONS WITH INVENTORY","TOTAL","NOT SPECIFIED","86","59.6"
"CENSUS","2017","END OF DEC","","STATE","WISCONSIN","55","","","","","","","00000000","","PEAFOWL","PEAFOWL, HENS & COCKS - INVENTORY","TOTAL","NOT SPECIFIED","1,350","59.2"
"CENSUS","2017","END OF DEC","","STATE","WISCONSIN","55","","","","","","","00000000","","PEAFOWL","PEAFOWL, HENS & COCKS - OPERATIONS WITH INVENTORY","TOTAL","NOT SPECIFIED","240","26.2"
"CENSUS","2017","END OF DEC","","STATE","WYOMING","56","","","","","","","00000000","","PEAFOWL","PEAFOWL, HENS & COCKS - INVENTORY","TOTAL","NOT SPECIFIED","567","30.3"
"CENSUS","2017","END OF DEC","","STATE","WYOMING","56","","","","","","","00000000","","PEAFOWL","PEAFOWL, HENS & COCKS - OPERATIONS WITH INVENTORY","TOTAL","NOT SPECIFIED","75","23.0"
"CENSUS","2012","YEAR","","STATE","ALABAMA","01","","","","","","","00000000","","PEAFOWL","PEAFOWL, HENS & COCKS - OPERATIONS WITH SALES","TOTAL","NOT SPECIFIED","25","20.1"
"CENSUS","2012","YEAR","","STATE","ALABAMA","01","","","","","","","00000000","","PEAFOWL","PEAFOWL, HENS & COCKS - SALES, MEASURED IN HEAD","TOTAL","NOT SPECIFIED","214","11.0"
"CENSUS","2012","YEAR","","STATE","ALASKA","02","","","","","","","00000000","","PEAFOWL","PEAFOWL, HENS & COCKS - OPERATIONS WITH SALES","TOTAL","NOT SPECIFIED","1","(L)"
"CENSUS","2012","YEAR","","STATE","ALASKA","02","","","","","","","00000000","","PEAFOWL","PEAFOWL, HENS & COCKS - SALES, MEASURED IN HEAD","TOTAL","NOT SPECIFIED"," (D)","(D)"
"CENSUS","2012","YEAR","","STATE","ARIZONA","04","","","","","","","00000000","","PEAFOWL","PEAFOWL, HENS & COCKS - OPERATIONS WITH SALES","TOTAL","NOT SPECIFIED","13","(H)"
"CENSUS","2012","YEAR","","STATE","ARIZONA","04","","","","","","","00000000","","PEAFOWL","PEAFOWL, HENS & COCKS - SALES, MEASURED IN HEAD","TOTAL","NOT SPECIFIED","72","(H)"
"CENSUS","2012","YEAR","","STATE","ARKANSAS","05","","","","","","","00000000","","PEAFOWL","PEAFOWL, HENS & COCKS - OPERATIONS WITH SALES","TOTAL","NOT SPECIFIED","16","37.5"
"CENSUS","2012","YEAR","","STATE","ARKANSAS","05","","","","","","","00000000","","PEAFOWL","PEAFOWL, HENS & COCKS - SALES, MEASURED IN HEAD","TOTAL","NOT SPECIFIED","144","31.7"
"CENSUS","2012","YEAR","","STATE","CALIFORNIA","06","","","","","","","00000000","","PEAFOWL","PEAFOWL, HENS & COCKS - OPERATIONS WITH SALES","TOTAL","NOT SPECIFIED","29","34.6"
"CENSUS","2012","YEAR","","STATE","CALIFORNIA","06","","","","","","","00000000","","PEAFOWL","PEAFOWL, HENS & COCKS - SALES, MEASURED IN HEAD","TOTAL","NOT SPECIFIED","181","43.3"
"CENSUS","2012","YEAR","","STATE","COLORADO","08","","","","","","","00000000","","PEAFOWL","PEAFOWL, HENS & COCKS - OPERATIONS WITH SALES","TOTAL","NOT SPECIFIED","15","44.3"
"CENSUS","2012","YEAR","","STATE","COLORADO","08","","","","","","","00000000","","PEAFOWL","PEAFOWL, HENS & COCKS - SALES, MEASURED IN HEAD","TOTAL","NOT SPECIFIED","62","90.7"
"CENSUS","2012","YEAR","","STATE","CONNECTICUT","09","","","","","","","00000000","","PEAFOWL","PEAFOWL, HENS & COCKS - OPERATIONS WITH SALES","TOTAL","NOT SPECIFIED","4","18.6"
"CENSUS","2012","YEAR","","STATE","CONNECTICUT","09","","","","","","","00000000","","PEAFOWL","PEAFOWL, HENS & COCKS - SALES, MEASURED IN HEAD","TOTAL","NOT SPECIFIED","18","22.6"
"CENSUS","2012","YEAR","","STATE","DELAWARE","10","","","","","","","00000000","","PEAFOWL","PEAFOWL, HENS & COCKS - OPERATIONS WITH SALES","TOTAL","NOT SPECIFIED","3","17.4"
"CENSUS","2012","YEAR","","STATE","DELAWARE","10","","","","","","","00000000","","PEAFOWL","PEAFOWL, HENS & COCKS - SALES, MEASURED IN HEAD","TOTAL","NOT SPECIFIED","17","28.3"
"CENSUS","2012","YEAR","","STATE","FLORIDA","12","","","","","","","00000000","","PEAFOWL","PEAFOWL, HENS & COCKS - OPERATIONS WITH SALES","TOTAL","NOT SPECIFIED","49","25.5"
"CENSUS","2012","YEAR","","STATE","FLORIDA","12","","","","","","","00000000","","PEAFOWL","PEAFOWL, HENS & COCKS - SALES, MEASURED IN HEAD","TOTAL","NOT SPECIFIED","685","24.8"
"CENSUS","2012","YEAR","","STATE","GEORGIA","13","","","","","","","00000000","","PEAFOWL","PEAFOWL, HENS & COCKS - OPERATIONS WITH SALES","TOTAL","NOT SPECIFIED","26","13.3"
"CENSUS","2012","YEAR","","STATE","GEORGIA","13","","","","","","","00000000","","PEAFOWL","PEAFOWL, HENS & COCKS - SALES, MEASURED IN HEAD","TOTAL","NOT SPECIFIED","236","41.0"
"CENSUS","2012","YEAR","","STATE","HAWAII","15","","","","","","","00000000","","PEAFOWL","PEAFOWL, HENS & COCKS - OPERATIONS WITH SALES","TOTAL","NOT SPECIFIED","2","(H)"
"CENSUS","2012","YEAR","","STATE","HAWAII","15","","","","","","","00000000","","PEAFOWL","PEAFOWL, HENS & COCKS - SALES, MEASURED IN HEAD","TOTAL","NOT SPECIFIED"," (D)","(D)"
"CENSUS","2012","YEAR","","STATE","IDAHO","16","","","","","","","00000000","","PEAFOWL","PEAFOWL, HENS & COCKS - OPERATIONS WITH SALES","TOTAL","NOT SPECIFIED","5","53.7"
"CENSUS","2012","YEAR","","STATE","IDAHO","16","","","","","","","00000000","","PEAFOWL","PEAFOWL, HENS & COCKS - SALES, MEASURED IN HEAD","TOTAL","NOT SPECIFIED","66","34.2"
"CENSUS","2012","YEAR","","STATE","ILLINOIS","17","","","","","","","00000000","","PEAFOWL","PEAFOWL, HENS & COCKS - OPERATIONS WITH SALES","TOTAL","NOT SPECIFIED","25","24.3"
"CENSUS","2012","YEAR","","STATE","ILLINOIS","17","","","","","","","00000000","","PEAFOWL","PEAFOWL, HENS & COCKS - SALES, MEASURED IN HEAD","TOTAL","NOT SPECIFIED","200","26.3"
"CENSUS","2012","YEAR","","STATE","INDIANA","18","","","","","","","00000000","","PEAFOWL","PEAFOWL, HENS & COCKS - OPERATIONS WITH SALES","TOTAL","NOT SPECIFIED","33","40.2"
"CENSUS","2012","YEAR","","STATE","INDIANA","18","","","","","","","00000000","","PEAFOWL","PEAFOWL, HENS & COCKS - SALES, MEASURED IN HEAD","TOTAL","NOT SPECIFIED","667","22.3"
"CENSUS","2012","YEAR","","STATE","IOWA","19","","","","","","","00000000","","PEAFOWL","PEAFOWL, HENS & COCKS - OPERATIONS WITH SALES","TOTAL","NOT SPECIFIED","26","23.6"
"CENSUS","2012","YEAR","","STATE","IOWA","19","","","","","","","00000000","","PEAFOWL","PEAFOWL, HENS & COCKS - SALES, MEASURED IN HEAD","TOTAL","NOT SPECIFIED","620","66.5"
"CENSUS","2012","YEAR","","STATE","KANSAS","20","","","","","","","00000000","","PEAFOWL","PEAFOWL, HENS & COCKS - OPERATIONS WITH SALES","TOTAL","NOT SPECIFIED","17","23.0"
"CENSUS","2012","YEAR","","STATE","KANSAS","20","","","","","","","00000000","","PEAFOWL","PEAFOWL, HENS & COCKS - SALES, MEASURED IN HEAD","TOTAL","NOT SPECIFIED","247","36.0"
"CENSUS","2012","YEAR","","STATE","KENTUCKY","21","","","","","","","00000000","","PEAFOWL","PEAFOWL, HENS & COCKS - OPERATIONS WITH SALES","TOTAL","NOT SPECIFIED","27","16.1"
"CENSUS","2012","YEAR","","STATE","KENTUCKY","21","","","","","","","00000000","","PEAFOWL","PEAFOWL, HENS & COCKS - SALES, MEASURED IN HEAD","TOTAL","NOT SPECIFIED","266","24.9"
"CENSUS","2012","YEAR","","STATE","LOUISIANA","22","","","","","","","00000000","","PEAFOWL","PEAFOWL, HENS & COCKS - OPERATIONS WITH SALES","TOTAL","NOT SPECIFIED","11","49.1"
"CENSUS","2012","YEAR","","STATE","LOUISIANA","22","","","","","","","00000000","","PEAFOWL","PEAFOWL, HENS & COCKS - SALES, MEASURED IN HEAD","TOTAL","NOT SPECIFIED","48","49.4"
"CENSUS","2012","YEAR","","STATE","MAINE","23","","","","","","","00000000","","PEAFOWL","PEAFOWL, HENS & COCKS - OPERATIONS WITH SALES","TOTAL","NOT SPECIFIED","1","24.2"
"CENSUS","2012","YEAR","","STATE","MAINE","23","","","","","","","00000000","","PEAFOWL","PEAFOWL, HENS & COCKS - SALES, MEASURED IN HEAD","TOTAL","NOT SPECIFIED"," (D)","(D)"
"CENSUS","2012","YEAR","","STATE","MARYLAND","24","","","","","","","00000000","","PEAFOWL","PEAFOWL, HENS & COCKS - OPERATIONS WITH SALES","TOTAL","NOT SPECIFIED","9","66.7"
"CENSUS","2012","YEAR","","STATE","MARYLAND","24","","","","","","","00000000","","PEAFOWL","PEAFOWL, HENS & COCKS - SALES, MEASURED IN HEAD","TOTAL","NOT SPECIFIED","61","93.8"
"CENSUS","2012","YEAR","","STATE","MASSACHUSETTS","25","","","","","","","00000000","","PEAFOWL","PEAFOWL, HENS & COCKS - OPERATIONS WITH SALES","TOTAL","NOT SPECIFIED","4","22.5"
"CENSUS","2012","YEAR","","STATE","MASSACHUSETTS","25","","","","","","","00000000","","PEAFOWL","PEAFOWL, HENS & COCKS - SALES, MEASURED IN HEAD","TOTAL","NOT SPECIFIED","59","13.4"
"CENSUS","2012","YEAR","","STATE","MICHIGAN","26","","","","","","","00000000","","PEAFOWL","PEAFOWL, HENS & COCKS - OPERATIONS WITH SALES","TOTAL","NOT SPECIFIED","43","24.9"
"CENSUS","2012","YEAR","","STATE","MICHIGAN","26","","","","","","","00000000","","PEAFOWL","PEAFOWL, HENS & COCKS - SALES, MEASURED IN HEAD","TOTAL","NOT SPECIFIED","371","43.4"
"CENSUS","2012","YEAR","","STATE","MINNESOTA","27","","","","","","","00000000","","PEAFOWL","PEAFOWL, HENS & COCKS - OPERATIONS WITH SALES","TOTAL","NOT SPECIFIED","21","54.2"
"CENSUS","2012","YEAR","","STATE","MINNESOTA","27","","","","","","","00000000","","PEAFOWL","PEAFOWL, HENS & COCKS - SALES, MEASURED IN HEAD","TOTAL","NOT SPECIFIED","146","81.5"
"CENSUS","2012","YEAR","","STATE","MISSISSIPPI","28","","","","","","","00000000","","PEAFOWL","PEAFOWL, HENS & COCKS - OPERATIONS WITH SALES","TOTAL","NOT SPECIFIED","12","35.4"
"CENSUS","2012","YEAR","","STATE","MISSISSIPPI","28","","","","","","","00000000","","PEAFOWL","PEAFOWL, HENS & COCKS - SALES, MEASURED IN HEAD","TOTAL","NOT SPECIFIED","77","30.3"
"CENSUS","2012","YEAR","","STATE","MISSOURI","29","","","","","","","00000000","","PEAFOWL","PEAFOWL, HENS & COCKS - OPERATIONS WITH SALES","TOTAL","NOT SPECIFIED","37","48.3"
"CENSUS","2012","YEAR","","STATE","MISSOURI","29","","","","","","","00000000","","PEAFOWL","PEAFOWL, HENS & COCKS - SALES, MEASURED IN HEAD","TOTAL","NOT SPECIFIED","828","88.7"
"CENSUS","2012","YEAR","","STATE","MONTANA","30","","","","","","","00000000","","PEAFOWL","PEAFOWL, HENS & COCKS - OPERATIONS WITH SALES","TOTAL","NOT SPECIFIED","10","37.9"
"CENSUS","2012","YEAR","","STATE","MONTANA","30","","","","","","","00000000","","PEAFOWL","PEAFOWL, HENS & COCKS - SALES, MEASURED IN HEAD","TOTAL","NOT SPECIFIED","91","86.3"
"CENSUS","2012","YEAR","","STATE","NEBRASKA","31","","","","","","","00000000","","PEAFOWL","PEAFOWL, HENS & COCKS - OPERATIONS WITH SALES","TOTAL","NOT SPECIFIED","17","35.7"
"CENSUS","2012","YEAR","","STATE","NEBRASKA","31","","","","","","","00000000","","PEAFOWL","PEAFOWL, HENS & COCKS - SALES, MEASURED IN HEAD","TOTAL","NOT SPECIFIED","148","30.7"
"CENSUS","2012","YEAR","","STATE","NEVADA","32","","","","","","","00000000","","PEAFOWL","PEAFOWL, HENS & COCKS - OPERATIONS WITH SALES","TOTAL","NOT SPECIFIED","2","75.7"
"CENSUS","2012","YEAR","","STATE","NEVADA","32","","","","","","","00000000","","PEAFOWL","PEAFOWL, HENS & COCKS - SALES, MEASURED IN HEAD","TOTAL","NOT SPECIFIED"," (D)","(D)"
"CENSUS","2012","YEAR","","STATE","NEW HAMPSHIRE","33","","","","","","","00000000","","PEAFOWL","PEAFOWL, HENS & COCKS - OPERATIONS WITH SALES","TOTAL","NOT SPECIFIED","8","2.4"
"CENSUS","2012","YEAR","","STATE","NEW HAMPSHIRE","33","","","","","","","00000000","","PEAFOWL","PEAFOWL, HENS & COCKS - SALES, MEASURED IN HEAD","TOTAL","NOT SPECIFIED","16","2.4"
"CENSUS","2012","YEAR","","STATE","NEW JERSEY","34","","","","","","","00000000","","PEAFOWL","PEAFOWL, HENS & COCKS - OPERATIONS WITH SALES","TOTAL","NOT SPECIFIED","15","14.1"
"CENSUS","2012","YEAR","","STATE","NEW JERSEY","34","","","","","","","00000000","","PEAFOWL","PEAFOWL, HENS & COCKS - SALES, MEASURED IN HEAD","TOTAL","NOT SPECIFIED","96","13.7"
"CENSUS","2012","YEAR","","STATE","NEW MEXICO","35","","","","","","","00000000","","PEAFOWL","PEAFOWL, HENS & COCKS - OPERATIONS WITH SALES","TOTAL","NOT SPECIFIED","8","34.8"
"CENSUS","2012","YEAR","","STATE","NEW MEXICO","35","","","","","","","00000000","","PEAFOWL","PEAFOWL, HENS & COCKS - SALES, MEASURED IN HEAD","TOTAL","NOT SPECIFIED","33","57.4"
"CENSUS","2012","YEAR","","STATE","NEW YORK","36","","","","","","","00000000","","PEAFOWL","PEAFOWL, HENS & COCKS - OPERATIONS WITH SALES","TOTAL","NOT SPECIFIED","24","29.0"
"CENSUS","2012","YEAR","","STATE","NEW YORK","36","","","","","","","00000000","","PEAFOWL","PEAFOWL, HENS & COCKS - SALES, MEASURED IN HEAD","TOTAL","NOT SPECIFIED","168","47.5"
"CENSUS","2012","YEAR","","STATE","NORTH CAROLINA","37","","","","","","","00000000","","PEAFOWL","PEAFOWL, HENS & COCKS - OPERATIONS WITH SALES","TOTAL","NOT SPECIFIED","29","20.4"
"CENSUS","2012","YEAR","","STATE","NORTH CAROLINA","37","","","","","","","00000000","","PEAFOWL","PEAFOWL, HENS & COCKS - SALES, MEASURED IN HEAD","TOTAL","NOT SPECIFIED","208","43.9"
"CENSUS","2012","YEAR","","STATE","NORTH DAKOTA","38","","","","","","","00000000","","PEAFOWL","PEAFOWL, HENS & COCKS - OPERATIONS WITH SALES","TOTAL","NOT SPECIFIED","7","65.0"
"CENSUS","2012","YEAR","","STATE","NORTH DAKOTA","38","","","","","","","00000000","","PEAFOWL","PEAFOWL, HENS & COCKS - SALES, MEASURED IN HEAD","TOTAL","NOT SPECIFIED","54","53.4"
"CENSUS","2012","YEAR","","STATE","OHIO","39","","","","","","","00000000","","PEAFOWL","PEAFOWL, HENS & COCKS - OPERATIONS WITH SALES","TOTAL","NOT SPECIFIED","44","21.3"
"CENSUS","2012","YEAR","","STATE","OHIO","39","","","","","","","00000000","","PEAFOWL","PEAFOWL, HENS & COCKS - SALES, MEASURED IN HEAD","TOTAL","NOT SPECIFIED","459","13.7"
"CENSUS","2012","YEAR","","STATE","OKLAHOMA","40","","","","","","","00000000","","PEAFOWL","PEAFOWL, HENS & COCKS - OPERATIONS WITH SALES","TOTAL","NOT SPECIFIED","29","16.7"
"CENSUS","2012","YEAR","","STATE","OKLAHOMA","40","","","","","","","00000000","","PEAFOWL","PEAFOWL, HENS & COCKS - SALES, MEASURED IN HEAD","TOTAL","NOT SPECIFIED","341","(H)"
"CENSUS","2012","YEAR","","STATE","OREGON","41","","","","","","","00000000","","PEAFOWL","PEAFOWL, HENS & COCKS - OPERATIONS WITH SALES","TOTAL","NOT SPECIFIED","28","22.7"
"CENSUS","2012","YEAR","","STATE","OREGON","41","","","","","","","00000000","","PEAFOWL","PEAFOWL, HENS & COCKS - SALES, MEASURED IN HEAD","TOTAL","NOT SPECIFIED","139","24.6"
"CENSUS","2012","YEAR","","STATE","PENNSYLVANIA","42","","","","","","","00000000","","PEAFOWL","PEAFOWL, HENS & COCKS - OPERATIONS WITH SALES","TOTAL","NOT SPECIFIED","39","11.1"
"CENSUS","2012","YEAR","","STATE","PENNSYLVANIA","42","","","","","","","00000000","","PEAFOWL","PEAFOWL, HENS & COCKS - SALES, MEASURED IN HEAD","TOTAL","NOT SPECIFIED","293","20.1"
"CENSUS","2012","YEAR","","STATE","SOUTH CAROLINA","45","","","","","","","00000000","","PEAFOWL","PEAFOWL, HENS & COCKS - OPERATIONS WITH SALES","TOTAL","NOT SPECIFIED","19","22.9"
"CENSUS","2012","YEAR","","STATE","SOUTH CAROLINA","45","","","","","","","00000000","","PEAFOWL","PEAFOWL, HENS & COCKS - SALES, MEASURED IN HEAD","TOTAL","NOT SPECIFIED","259","28.1"
"CENSUS","2012","YEAR","","STATE","SOUTH DAKOTA","46","","","","","","","00000000","","PEAFOWL","PEAFOWL, HENS & COCKS - OPERATIONS WITH SALES","TOTAL","NOT SPECIFIED","3","(H)"
"CENSUS","2012","YEAR","","STATE","SOUTH DAKOTA","46","","","","","","","00000000","","PEAFOWL","PEAFOWL, HENS & COCKS - SALES, MEASURED IN HEAD","TOTAL","NOT SPECIFIED","30","(H)"
"CENSUS","2012","YEAR","","STATE","TENNESSEE","47","","","","","","","00000000","","PEAFOWL","PEAFOWL, HENS & COCKS - OPERATIONS WITH SALES","TOTAL","NOT SPECIFIED","46","31.5"
"CENSUS","2012","YEAR","","STATE","TENNESSEE","47","","","","","","","00000000","","PEAFOWL","PEAFOWL, HENS & COCKS - SALES, MEASURED IN HEAD","TOTAL","NOT SPECIFIED","543","27.7"
"CENSUS","2012","YEAR","","STATE","TEXAS","48","","","","","","","00000000","","PEAFOWL","PEAFOWL, HENS & COCKS - OPERATIONS WITH SALES","TOTAL","NOT SPECIFIED","116","23.3"
"CENSUS","2012","YEAR","","STATE","TEXAS","48","","","","","","","00000000","","PEAFOWL","PEAFOWL, HENS & COCKS - SALES, MEASURED IN HEAD","TOTAL","NOT SPECIFIED","1,562","(H)"
"CENSUS","2012","YEAR","","STATE","UTAH","49","","","","","","","00000000","","PEAFOWL","PEAFOWL, HENS & COCKS - OPERATIONS WITH SALES","TOTAL","NOT SPECIFIED","11","30.5"
"CENSUS","2012","YEAR","","STATE","UTAH","49","","","","","","","00000000","","PEAFOWL","PEAFOWL, HENS & COCKS - SALES, MEASURED IN HEAD","TOTAL","NOT SPECIFIED","55","86.9"
"CENSUS","2012","YEAR","","STATE","VERMONT","50","","","","","","","00000000","","PEAFOWL","PEAFOWL, HENS & COCKS - OPERATIONS WITH SALES","TOTAL","NOT SPECIFIED","2","10.2"
"CENSUS","2012","YEAR","","STATE","VERMONT","50","","","","","","","00000000","","PEAFOWL","PEAFOWL, HENS & COCKS - SALES, MEASURED IN HEAD","TOTAL","NOT SPECIFIED"," (D)","(D)"
"CENSUS","2012","YEAR","","STATE","VIRGINIA","51","","","","","","","00000000","","PEAFOWL","PEAFOWL, HENS & COCKS - OPERATIONS WITH SALES","TOTAL","NOT SPECIFIED","26","27.8"
"CENSUS","2012","YEAR","","STATE","VIRGINIA","51","","","","","","","00000000","","PEAFOWL","PEAFOWL, HENS & COCKS - SALES, MEASURED IN HEAD","TOTAL","NOT SPECIFIED","97","39.9"
"CENSUS","2012","YEAR","","STATE","WASHINGTON","53","","","","","","","00000000","","PEAFOWL","PEAFOWL, HENS & COCKS - OPERATIONS WITH SALES","TOTAL","NOT SPECIFIED","30","30.2"
"CENSUS","2012","YEAR","","STATE","WASHINGTON","53","","","","","","","00000000","","PEAFOWL","PEAFOWL, HENS & COCKS - SALES, MEASURED IN HEAD","TOTAL","NOT SPECIFIED","206","48.7"
"CENSUS","2012","YEAR","","STATE","WEST VIRGINIA","54","","","","","","","00000000","","PEAFOWL","PEAFOWL, HENS & COCKS - OPERATIONS WITH SALES","TOTAL","NOT SPECIFIED","7","33.2"
"CENSUS","2012","YEAR","","STATE","WEST VIRGINIA","54","","","","","","","00000000","","PEAFOWL","PEAFOWL, HENS & COCKS - SALES, MEASURED IN HEAD","TOTAL","NOT SPECIFIED","26","36.7"
"CENSUS","2012","YEAR","","STATE","WISCONSIN","55","","","","","","","00000000","","PEAFOWL","PEAFOWL, HENS & COCKS - OPERATIONS WITH SALES","TOTAL","NOT SPECIFIED","33","26.3"
"CENSUS","2012","YEAR","","STATE","WISCONSIN","55","","","","","","","00000000","","PEAFOWL","PEAFOWL, HENS & COCKS - SALES, MEASURED IN HEAD","TOTAL","NOT SPECIFIED","186","22.4"
"CENSUS","2012","YEAR","","STATE","WYOMING","56","","","","","","","00000000","","PEAFOWL","PEAFOWL, HENS & COCKS - OPERATIONS WITH SALES","TOTAL","NOT SPECIFIED","7","35.9"
"CENSUS","2012","YEAR","","STATE","WYOMING","56","","","","","","","00000000","","PEAFOWL","PEAFOWL, HENS & COCKS - SALES, MEASURED IN HEAD","TOTAL","NOT SPECIFIED","34","39.1"
"CENSUS","2012","END OF DEC","","STATE","ALABAMA","01","","","","","","","00000000","","PEAFOWL","PEAFOWL, HENS & COCKS - INVENTORY","TOTAL","NOT SPECIFIED","614","10.3"
"CENSUS","2012","END OF DEC","","STATE","ALABAMA","01","","","","","","","00000000","","PEAFOWL","PEAFOWL, HENS & COCKS - OPERATIONS WITH INVENTORY","TOTAL","NOT SPECIFIED","96","7.0"
"CENSUS","2012","END OF DEC","","STATE","ALASKA","02","","","","","","","00000000","","PEAFOWL","PEAFOWL, HENS & COCKS - INVENTORY","TOTAL","NOT SPECIFIED"," (D)","(D)"
"CENSUS","2012","END OF DEC","","STATE","ALASKA","02","","","","","","","00000000","","PEAFOWL","PEAFOWL, HENS & COCKS - OPERATIONS WITH INVENTORY","TOTAL","NOT SPECIFIED","2","(L)"
"CENSUS","2012","END OF DEC","","STATE","ARIZONA","04","","","","","","","00000000","","PEAFOWL","PEAFOWL, HENS & COCKS - INVENTORY","TOTAL","NOT SPECIFIED","813","42.2"
"CENSUS","2012","END OF DEC","","STATE","ARIZONA","04","","","","","","","00000000","","PEAFOWL","PEAFOWL, HENS & COCKS - OPERATIONS WITH INVENTORY","TOTAL","NOT SPECIFIED","113","64.0"
"CENSUS","2012","END OF DEC","","STATE","ARKANSAS","05","","","","","","","00000000","","PEAFOWL","PEAFOWL, HENS & COCKS - INVENTORY","TOTAL","NOT SPECIFIED","565","17.4"
"CENSUS","2012","END OF DEC","","STATE","ARKANSAS","05","","","","","","","00000000","","PEAFOWL","PEAFOWL, HENS & COCKS - OPERATIONS WITH INVENTORY","TOTAL","NOT SPECIFIED","68","15.8"
"CENSUS","2012","END OF DEC","","STATE","CALIFORNIA","06","","","","","","","00000000","","PEAFOWL","PEAFOWL, HENS & COCKS - INVENTORY","TOTAL","NOT SPECIFIED","1,422","23.4"
"CENSUS","2012","END OF DEC","","STATE","CALIFORNIA","06","","","","","","","00000000","","PEAFOWL","PEAFOWL, HENS & COCKS - OPERATIONS WITH INVENTORY","TOTAL","NOT SPECIFIED","179","35.8"
"CENSUS","2012","END OF DEC","","STATE","COLORADO","08","","","","","","","00000000","","PEAFOWL","PEAFOWL, HENS & COCKS - INVENTORY","TOTAL","NOT SPECIFIED","729","11.2"
"CENSUS","2012","END OF DEC","","STATE","COLORADO","08","","","","","","","00000000","","PEAFOWL","PEAFOWL, HENS & COCKS - OPERATIONS WITH INVENTORY","TOTAL","NOT SPECIFIED","110","13.5"
"CENSUS","2012","END OF DEC","","STATE","CONNECTICUT","09","","","","","","","00000000","","PEAFOWL","PEAFOWL, HENS & COCKS - INVENTORY","TOTAL","NOT SPECIFIED","175","12.8"
"CENSUS","2012","END OF DEC","","STATE","CONNECTICUT","09","","","","","","","00000000","","PEAFOWL","PEAFOWL, HENS & COCKS - OPERATIONS WITH INVENTORY","TOTAL","NOT SPECIFIED","20","14.5"
"CENSUS","2012","END OF DEC","","STATE","DELAWARE","10","","","","","","","00000000","","PEAFOWL","PEAFOWL, HENS & COCKS - INVENTORY","TOTAL","NOT SPECIFIED","94","34.6"
"CENSUS","2012","END OF DEC","","STATE","DELAWARE","10","","","","","","","00000000","","PEAFOWL","PEAFOWL, HENS & COCKS - OPERATIONS WITH INVENTORY","TOTAL","NOT SPECIFIED","6","56.4"
"CENSUS","2012","END OF DEC","","STATE","FLORIDA","12","","","","","","","00000000","","PEAFOWL","PEAFOWL, HENS & COCKS - INVENTORY","TOTAL","NOT SPECIFIED","2,341","19.0"
"CENSUS","2012","END OF DEC","","STATE","FLORIDA","12","","","","","","","00000000","","PEAFOWL","PEAFOWL, HENS & COCKS - OPERATIONS WITH INVENTORY","TOTAL","NOT SPECIFIED","263","18.0"
"CENSUS","2012","END OF DEC","","STATE","GEORGIA","13","","","","","","","00000000","","PEAFOWL","PEAFOWL, HENS & COCKS - INVENTORY","TOTAL","NOT SPECIFIED","666","15.3"
"CENSUS","2012","END OF DEC","","STATE","GEORGIA","13","","","","","","","00000000","","PEAFOWL","PEAFOWL, HENS & COCKS - OPERATIONS WITH INVENTORY","TOTAL","NOT SPECIFIED","113","8.4"
"CENSUS","2012","END OF DEC","","STATE","HAWAII","15","","","","","","","00000000","","PEAFOWL","PEAFOWL, HENS & COCKS - INVENTORY","TOTAL","NOT SPECIFIED","166","(H)"
"CENSUS","2012","END OF DEC","","STATE","HAWAII","15","","","","","","","00000000","","PEAFOWL","PEAFOWL, HENS & COCKS - OPERATIONS WITH INVENTORY","TOTAL","NOT SPECIFIED","11","(H)"
"CENSUS","2012","END OF DEC","","STATE","IDAHO","16","","","","","","","00000000","","PEAFOWL","PEAFOWL, HENS & COCKS - INVENTORY","TOTAL","NOT SPECIFIED","831","20.0"
"CENSUS","2012","END OF DEC","","STATE","IDAHO","16","","","","","","","00000000","","PEAFOWL","PEAFOWL, HENS & COCKS - OPERATIONS WITH INVENTORY","TOTAL","NOT SPECIFIED","74","13.9"
"CENSUS","2012","END OF DEC","","STATE","ILLINOIS","17","","","","","","","00000000","","PEAFOWL","PEAFOWL, HENS & COCKS - INVENTORY","TOTAL","NOT SPECIFIED","758","21.6"
"CENSUS","2012","END OF DEC","","STATE","ILLINOIS","17","","","","","","","00000000","","PEAFOWL","PEAFOWL, HENS & COCKS - OPERATIONS WITH INVENTORY","TOTAL","NOT SPECIFIED","115","8.1"
"CENSUS","2012","END OF DEC","","STATE","INDIANA","18","","","","","","","00000000","","PEAFOWL","PEAFOWL, HENS & COCKS - INVENTORY","TOTAL","NOT SPECIFIED","1,644","11.1"
"CENSUS","2012","END OF DEC","","STATE","INDIANA","18","","","","","","","00000000","","PEAFOWL","PEAFOWL, HENS & COCKS - OPERATIONS WITH INVENTORY","TOTAL","NOT SPECIFIED","185","11.1"
"CENSUS","2012","END OF DEC","","STATE","IOWA","19","","","","","","","00000000","","PEAFOWL","PEAFOWL, HENS & COCKS - INVENTORY","TOTAL","NOT SPECIFIED","1,899","38.5"
"CENSUS","2012","END OF DEC","","STATE","IOWA","19","","","","","","","00000000","","PEAFOWL","PEAFOWL, HENS & COCKS - OPERATIONS WITH INVENTORY","TOTAL","NOT SPECIFIED","125","13.7"
"CENSUS","2012","END OF DEC","","STATE","KANSAS","20","","","","","","","00000000","","PEAFOWL","PEAFOWL, HENS & COCKS - INVENTORY","TOTAL","NOT SPECIFIED","1,330","15.7"
"CENSUS","2012","END OF DEC","","STATE","KANSAS","20","","","","","","","00000000","","PEAFOWL","PEAFOWL, HENS & COCKS - OPERATIONS WITH INVENTORY","TOTAL","NOT SPECIFIED","152","9.5"
"CENSUS","2012","END OF DEC","","STATE","KENTUCKY","21","","","","","","","00000000","","PEAFOWL","PEAFOWL, HENS & COCKS - INVENTORY","TOTAL","NOT SPECIFIED","856","15.2"
"CENSUS","2012","END OF DEC","","STATE","KENTUCKY","21","","","","","","","00000000","","PEAFOWL","PEAFOWL, HENS & COCKS - OPERATIONS WITH INVENTORY","TOTAL","NOT SPECIFIED","146","14.2"
"CENSUS","2012","END OF DEC","","STATE","LOUISIANA","22","","","","","","","00000000","","PEAFOWL","PEAFOWL, HENS & COCKS - INVENTORY","TOTAL","NOT SPECIFIED","306","31.2"
"CENSUS","2012","END OF DEC","","STATE","LOUISIANA","22","","","","","","","00000000","","PEAFOWL","PEAFOWL, HENS & COCKS - OPERATIONS WITH INVENTORY","TOTAL","NOT SPECIFIED","66","30.7"
"CENSUS","2012","END OF DEC","","STATE","MAINE","23","","","","","","","00000000","","PEAFOWL","PEAFOWL, HENS & COCKS - INVENTORY","TOTAL","NOT SPECIFIED","58","33.2"
"CENSUS","2012","END OF DEC","","STATE","MAINE","23","","","","","","","00000000","","PEAFOWL","PEAFOWL, HENS & COCKS - OPERATIONS WITH INVENTORY","TOTAL","NOT SPECIFIED","14","31.1"
"CENSUS","2012","END OF DEC","","STATE","MARYLAND","24","","","","","","","00000000","","PEAFOWL","PEAFOWL, HENS & COCKS - INVENTORY","TOTAL","NOT SPECIFIED","290","37.2"
"CENSUS","2012","END OF DEC","","STATE","MARYLAND","24","","","","","","","00000000","","PEAFOWL","PEAFOWL, HENS & COCKS - OPERATIONS WITH INVENTORY","TOTAL","NOT SPECIFIED","47","23.2"
"CENSUS","2012","END OF DEC","","STATE","MASSACHUSETTS","25","","","","","","","00000000","","PEAFOWL","PEAFOWL, HENS & COCKS - INVENTORY","TOTAL","NOT SPECIFIED","299","30.6"
"CENSUS","2012","END OF DEC","","STATE","MASSACHUSETTS","25","","","","","","","00000000","","PEAFOWL","PEAFOWL, HENS & COCKS - OPERATIONS WITH INVENTORY","TOTAL","NOT SPECIFIED","42","20.8"
"CENSUS","2012","END OF DEC","","STATE","MICHIGAN","26","","","","","","","00000000","","PEAFOWL","PEAFOWL, HENS & COCKS - INVENTORY","TOTAL","NOT SPECIFIED","2,173","15.3"
"CENSUS","2012","END OF DEC","","STATE","MICHIGAN","26","","","","","","","00000000","","PEAFOWL","PEAFOWL, HENS & COCKS - OPERATIONS WITH INVENTORY","TOTAL","NOT SPECIFIED","263","7.1"
"CENSUS","2012","END OF DEC","","STATE","MINNESOTA","27","","","","","","","00000000","","PEAFOWL","PEAFOWL, HENS & COCKS - INVENTORY","TOTAL","NOT SPECIFIED","1,215","15.7"
"CENSUS","2012","END OF DEC","","STATE","MINNESOTA","27","","","","","","","00000000","","PEAFOWL","PEAFOWL, HENS & COCKS - OPERATIONS WITH INVENTORY","TOTAL","NOT SPECIFIED","176","12.6"
"CENSUS","2012","END OF DEC","","STATE","MISSISSIPPI","28","","","","","","","00000000","","PEAFOWL","PEAFOWL, HENS & COCKS - INVENTORY","TOTAL","NOT SPECIFIED","536","16.7"
"CENSUS","2012","END OF DEC","","STATE","MISSISSIPPI","28","","","","","","","00000000","","PEAFOWL","PEAFOWL, HENS & COCKS - OPERATIONS WITH INVENTORY","TOTAL","NOT SPECIFIED","73","18.1"
"CENSUS","2012","END OF DEC","","STATE","MISSOURI","29","","","","","","","00000000","","PEAFOWL","PEAFOWL, HENS & COCKS - INVENTORY","TOTAL","NOT SPECIFIED","1,921","21.8"
"CENSUS","2012","END OF DEC","","STATE","MISSOURI","29","","","","","","","00000000","","PEAFOWL","PEAFOWL, HENS & COCKS - OPERATIONS WITH INVENTORY","TOTAL","NOT SPECIFIED","244","10.4"
"CENSUS","2012","END OF DEC","","STATE","MONTANA","30","","","","","","","00000000","","PEAFOWL","PEAFOWL, HENS & COCKS - INVENTORY","TOTAL","NOT SPECIFIED","441","65.3"
"CENSUS","2012","END OF DEC","","STATE","MONTANA","30","","","","","","","00000000","","PEAFOWL","PEAFOWL, HENS & COCKS - OPERATIONS WITH INVENTORY","TOTAL","NOT SPECIFIED","55","28.6"
"CENSUS","2012","END OF DEC","","STATE","NEBRASKA","31","","","","","","","00000000","","PEAFOWL","PEAFOWL, HENS & COCKS - INVENTORY","TOTAL","NOT SPECIFIED","841","16.2"
"CENSUS","2012","END OF DEC","","STATE","NEBRASKA","31","","","","","","","00000000","","PEAFOWL","PEAFOWL, HENS & COCKS - OPERATIONS WITH INVENTORY","TOTAL","NOT SPECIFIED","108","14.5"
"CENSUS","2012","END OF DEC","","STATE","NEVADA","32","","","","","","","00000000","","PEAFOWL","PEAFOWL, HENS & COCKS - INVENTORY","TOTAL","NOT SPECIFIED","544","36.1"
"CENSUS","2012","END OF DEC","","STATE","NEVADA","32","","","","","","","00000000","","PEAFOWL","PEAFOWL, HENS & COCKS - OPERATIONS WITH INVENTORY","TOTAL","NOT SPECIFIED","40","22.6"
"CENSUS","2012","END OF DEC","","STATE","NEW HAMPSHIRE","33","","","","","","","00000000","","PEAFOWL","PEAFOWL, HENS & COCKS - INVENTORY","TOTAL","NOT SPECIFIED","129","13.8"
"CENSUS","2012","END OF DEC","","STATE","NEW HAMPSHIRE","33","","","","","","","00000000","","PEAFOWL","PEAFOWL, HENS & COCKS - OPERATIONS WITH INVENTORY","TOTAL","NOT SPECIFIED","22","15.2"
"CENSUS","2012","END OF DEC","","STATE","NEW JERSEY","34","","","","","","","00000000","","PEAFOWL","PEAFOWL, HENS & COCKS - INVENTORY","TOTAL","NOT SPECIFIED","326","7.3"
"CENSUS","2012","END OF DEC","","STATE","NEW JERSEY","34","","","","","","","00000000","","PEAFOWL","PEAFOWL, HENS & COCKS - OPERATIONS WITH INVENTORY","TOTAL","NOT SPECIFIED","58","7.5"
"CENSUS","2012","END OF DEC","","STATE","NEW MEXICO","35","","","","","","","00000000","","PEAFOWL","PEAFOWL, HENS & COCKS - INVENTORY","TOTAL","NOT SPECIFIED","463","24.1"
"CENSUS","2012","END OF DEC","","STATE","NEW MEXICO","35","","","","","","","00000000","","PEAFOWL","PEAFOWL, HENS & COCKS - OPERATIONS WITH INVENTORY","TOTAL","NOT SPECIFIED","86","42.3"
"CENSUS","2012","END OF DEC","","STATE","NEW YORK","36","","","","","","","00000000","","PEAFOWL","PEAFOWL, HENS & COCKS - INVENTORY","TOTAL","NOT SPECIFIED","1,057","10.0"
"CENSUS","2012","END OF DEC","","STATE","NEW YORK","36","","","","","","","00000000","","PEAFOWL","PEAFOWL, HENS & COCKS - OPERATIONS WITH INVENTORY","TOTAL","NOT SPECIFIED","158","10.3"
"CENSUS","2012","END OF DEC","","STATE","NORTH CAROLINA","37","","","","","","","00000000","","PEAFOWL","PEAFOWL, HENS & COCKS - INVENTORY","TOTAL","NOT SPECIFIED","1,084","12.8"
"CENSUS","2012","END OF DEC","","STATE","NORTH CAROLINA","37","","","","","","","00000000","","PEAFOWL","PEAFOWL, HENS & COCKS - OPERATIONS WITH INVENTORY","TOTAL","NOT SPECIFIED","175","11.0"
"CENSUS","2012","END OF DEC","","STATE","NORTH DAKOTA","38","","","","","","","00000000","","PEAFOWL","PEAFOWL, HENS & COCKS - INVENTORY","TOTAL","NOT SPECIFIED","304","42.5"
"CENSUS","2012","END OF DEC","","STATE","NORTH DAKOTA","38","","","","","","","00000000","","PEAFOWL","PEAFOWL, HENS & COCKS - OPERATIONS WITH INVENTORY","TOTAL","NOT SPECIFIED","28","25.4"
"CENSUS","2012","END OF DEC","","STATE","OHIO","39","","","","","","","00000000","","PEAFOWL","PEAFOWL, HENS & COCKS - INVENTORY","TOTAL","NOT SPECIFIED","1,491","13.6"
"CENSUS","2012","END OF DEC","","STATE","OHIO","39","","","","","","","00000000","","PEAFOWL","PEAFOWL, HENS & COCKS - OPERATIONS WITH INVENTORY","TOTAL","NOT SPECIFIED","209","14.2"
"CENSUS","2012","END OF DEC","","STATE","OKLAHOMA","40","","","","","","","00000000","","PEAFOWL","PEAFOWL, HENS & COCKS - INVENTORY","TOTAL","NOT SPECIFIED","1,281","18.6"
"CENSUS","2012","END OF DEC","","STATE","OKLAHOMA","40","","","","","","","00000000","","PEAFOWL","PEAFOWL, HENS & COCKS - OPERATIONS WITH INVENTORY","TOTAL","NOT SPECIFIED","189","12.7"
"CENSUS","2012","END OF DEC","","STATE","OREGON","41","","","","","","","00000000","","PEAFOWL","PEAFOWL, HENS & COCKS - INVENTORY","TOTAL","NOT SPECIFIED","1,125","32.1"
"CENSUS","2012","END OF DEC","","STATE","OREGON","41","","","","","","","00000000","","PEAFOWL","PEAFOWL, HENS & COCKS - OPERATIONS WITH INVENTORY","TOTAL","NOT SPECIFIED","116","15.2"
"CENSUS","2012","END OF DEC","","STATE","PENNSYLVANIA","42","","","","","","","00000000","","PEAFOWL","PEAFOWL, HENS & COCKS - INVENTORY","TOTAL","NOT SPECIFIED","2,131","15.9"
"CENSUS","2012","END OF DEC","","STATE","PENNSYLVANIA","42","","","","","","","00000000","","PEAFOWL","PEAFOWL, HENS & COCKS - OPERATIONS WITH INVENTORY","TOTAL","NOT SPECIFIED","271","4.5"
"CENSUS","2012","END OF DEC","","STATE","RHODE ISLAND","44","","","","","","","00000000","","PEAFOWL","PEAFOWL, HENS & COCKS - INVENTORY","TOTAL","NOT SPECIFIED"," (D)","(D)"
"CENSUS","2012","END OF DEC","","STATE","RHODE ISLAND","44","","","","","","","00000000","","PEAFOWL","PEAFOWL, HENS & COCKS - OPERATIONS WITH INVENTORY","TOTAL","NOT SPECIFIED","2","(H)"
"CENSUS","2012","END OF DEC","","STATE","SOUTH CAROLINA","45","","","","","","","00000000","","PEAFOWL","PEAFOWL, HENS & COCKS - INVENTORY","TOTAL","NOT SPECIFIED","883","10.4"
"CENSUS","2012","END OF DEC","","STATE","SOUTH CAROLINA","45","","","","","","","00000000","","PEAFOWL","PEAFOWL, HENS & COCKS - OPERATIONS WITH INVENTORY","TOTAL","NOT SPECIFIED","105","10.5"
"CENSUS","2012","END OF DEC","","STATE","SOUTH DAKOTA","46","","","","","","","00000000","","PEAFOWL","PEAFOWL, HENS & COCKS - INVENTORY","TOTAL","NOT SPECIFIED","523","20.4"
"CENSUS","2012","END OF DEC","","STATE","SOUTH DAKOTA","46","","","","","","","00000000","","PEAFOWL","PEAFOWL, HENS & COCKS - OPERATIONS WITH INVENTORY","TOTAL","NOT SPECIFIED","44","18.8"
"CENSUS","2012","END OF DEC","","STATE","TENNESSEE","47","","","","","","","00000000","","PEAFOWL","PEAFOWL, HENS & COCKS - INVENTORY","TOTAL","NOT SPECIFIED","1,479","34.1"
"CENSUS","2012","END OF DEC","","STATE","TENNESSEE","47","","","","","","","00000000","","PEAFOWL","PEAFOWL, HENS & COCKS - OPERATIONS WITH INVENTORY","TOTAL","NOT SPECIFIED","192","13.1"
"CENSUS","2012","END OF DEC","","STATE","TEXAS","48","","","","","","","00000000","","PEAFOWL","PEAFOWL, HENS & COCKS - INVENTORY","TOTAL","NOT SPECIFIED","6,148","47.2"
"CENSUS","2012","END OF DEC","","STATE","TEXAS","48","","","","","","","00000000","","PEAFOWL","PEAFOWL, HENS & COCKS - OPERATIONS WITH INVENTORY","TOTAL","NOT SPECIFIED","724","9.5"
"CENSUS","2012","END OF DEC","","STATE","UTAH","49","","","","","","","00000000","","PEAFOWL","PEAFOWL, HENS & COCKS - INVENTORY","TOTAL","NOT SPECIFIED","347","25.6"
"CENSUS","2012","END OF DEC","","STATE","UTAH","49","","","","","","","00000000","","PEAFOWL","PEAFOWL, HENS & COCKS - OPERATIONS WITH INVENTORY","TOTAL","NOT SPECIFIED","40","18.0"
"CENSUS","2012","END OF DEC","","STATE","VERMONT","50","","","","","","","00000000","","PEAFOWL","PEAFOWL, HENS & COCKS - INVENTORY","TOTAL","NOT SPECIFIED","58","16.6"
"CENSUS","2012","END OF DEC","","STATE","VERMONT","50","","","","","","","00000000","","PEAFOWL","PEAFOWL, HENS & COCKS - OPERATIONS WITH INVENTORY","TOTAL","NOT SPECIFIED","24","15.4"
"CENSUS","2012","END OF DEC","","STATE","VIRGINIA","51","","","","","","","00000000","","PEAFOWL","PEAFOWL, HENS & COCKS - INVENTORY","TOTAL","NOT SPECIFIED","776","16.6"
"CENSUS","2012","END OF DEC","","STATE","VIRGINIA","51","","","","","","","00000000","","PEAFOWL","PEAFOWL, HENS & COCKS - OPERATIONS WITH INVENTORY","TOTAL","NOT SPECIFIED","173","12.5"
"CENSUS","2012","END OF DEC","","STATE","WASHINGTON","53","","","","","","","00000000","","PEAFOWL","PEAFOWL, HENS & COCKS - INVENTORY","TOTAL","NOT SPECIFIED","956","20.0"
"CENSUS","2012","END OF DEC","","STATE","WASHINGTON","53","","","","","","","00000000","","PEAFOWL","PEAFOWL, HENS & COCKS - OPERATIONS WITH INVENTORY","TOTAL","NOT SPECIFIED","127","12.4"
"CENSUS","2012","END OF DEC","","STATE","WEST VIRGINIA","54","","","","","","","00000000","","PEAFOWL","PEAFOWL, HENS & COCKS - INVENTORY","TOTAL","NOT SPECIFIED","416","22.4"
"CENSUS","2012","END OF DEC","","STATE","WEST VIRGINIA","54","","","","","","","00000000","","PEAFOWL","PEAFOWL, HENS & COCKS - OPERATIONS WITH INVENTORY","TOTAL","NOT SPECIFIED","71","17.6"
"CENSUS","2012","END OF DEC","","STATE","WISCONSIN","55","","","","","","","00000000","","PEAFOWL","PEAFOWL, HENS & COCKS - INVENTORY","TOTAL","NOT SPECIFIED","2,154","5.9"
"CENSUS","2012","END OF DEC","","STATE","WISCONSIN","55","","","","","","","00000000","","PEAFOWL","PEAFOWL, HENS & COCKS - OPERATIONS WITH INVENTORY","TOTAL","NOT SPECIFIED","313","6.0"
"CENSUS","2012","END OF DEC","","STATE","WYOMING","56","","","","","","","00000000","","PEAFOWL","PEAFOWL, HENS & COCKS - INVENTORY","TOTAL","NOT SPECIFIED","306","16.6"
"CENSUS","2012","END OF DEC","","STATE","WYOMING","56","","","","","","","00000000","","PEAFOWL","PEAFOWL, HENS & COCKS - OPERATIONS WITH INVENTORY","TOTAL","NOT SPECIFIED","43","19.9"
